Train No.,train Name,islno,station Code,Station Name,Arrival time,Departure time,Distance,Source Station Code,source Station Name,Destination station Code,Destination Station Name
'10001',SATPURA EXPRESS,1,BTC ,BALAGHAT JN    ,'00:00:00','12:45:00',0,BTC ,BALAGHAT JN    ,JBP ,JABALPUR       
'10001',SATPURA EXPRESS,2,SMC ,SAMNAPUR       ,'13:10:00','13:11:00',17,BTC ,BALAGHAT JN    ,JBP ,JABALPUR       
'10001',SATPURA EXPRESS,3,CRN ,CHAREGAON      ,'13:34:00','13:35:00',30,BTC ,BALAGHAT JN    ,JBP ,JABALPUR       
'10001',SATPURA EXPRESS,4,LTA ,LAMTA          ,'13:55:00','13:56:00',41,BTC ,BALAGHAT JN    ,JBP ,JABALPUR       
'10001',SATPURA EXPRESS,5,NWA ,NAGARWARA      ,'14:13:00','14:14:00',50,BTC ,BALAGHAT JN    ,JBP ,JABALPUR       
'10001',SATPURA EXPRESS,6,NIR ,NAINPUR JN     ,'15:15:00','15:35:00',77,BTC ,BALAGHAT JN    ,JBP ,JABALPUR       
'10001',SATPURA EXPRESS,7,PDE ,PINDRAI        ,'15:54:00','15:55:00',89,BTC ,BALAGHAT JN    ,JBP ,JABALPUR       
'10001',SATPURA EXPRESS,8,GNS ,GHONSOR        ,'16:39:00','16:40:00',111,BTC ,BALAGHAT JN    ,JBP ,JABALPUR       
'10001',SATPURA EXPRESS,9,SKY ,SHIKARA        ,'17:41:00','17:42:00',133,BTC ,BALAGHAT JN    ,JBP ,JABALPUR       
'10001',SATPURA EXPRESS,10,BUQ ,BARGI          ,'18:26:00','18:27:00',159,BTC ,BALAGHAT JN    ,JBP ,JABALPUR       
'10001',SATPURA EXPRESS,11,HBG ,HOWBADH JABLPUR,'19:20:00','19:22:00',185,BTC ,BALAGHAT JN    ,JBP ,JABALPUR       
'10001',SATPURA EXPRESS,12,JBP ,JABALPUR       ,'19:35:00','00:00:00',187,BTC ,BALAGHAT JN    ,JBP ,JABALPUR       
'11471',INDB JBP EXP   ,1,INDB,INDORE JN BG   ,'00:00:00','17:40:00',0,INDB,INDORE JN BG   ,JBP ,JABALPUR       
'11471',INDB JBP EXP   ,2,DWX ,DEWAS          ,'18:33:00','18:35:00',39,INDB,INDORE JN BG   ,JBP ,JABALPUR       
'11471',INDB JBP EXP   ,3,MKC ,MAKSI          ,'19:16:00','19:18:00',75,INDB,INDORE JN BG   ,JBP ,JABALPUR       
'11471',INDB JBP EXP   ,4,BCH ,BERCHHA        ,'19:34:00','19:36:00',95,INDB,INDORE JN BG   ,JBP ,JABALPUR       
'11471',INDB JBP EXP   ,5,AKD ,AKODIA         ,'20:00:00','20:02:00',124,INDB,INDORE JN BG   ,JBP ,JABALPUR       
'11471',INDB JBP EXP   ,6,SJP ,SHUJALPUR      ,'20:16:00','20:18:00',138,INDB,INDORE JN BG   ,JBP ,JABALPUR       
'11471',INDB JBP EXP   ,7,KPP ,KALAPIPAL      ,'20:30:00','20:32:00',150,INDB,INDORE JN BG   ,JBP ,JABALPUR       
'11471',INDB JBP EXP   ,8,SEH ,SEHORE         ,'20:58:00','21:00:00',179,INDB,INDORE JN BG   ,JBP ,JABALPUR       
'11471',INDB JBP EXP   ,9,BIH ,BAIRAGARH      ,'21:50:00','21:52:00',208,INDB,INDORE JN BG   ,JBP ,JABALPUR       
'11471',INDB JBP EXP   ,10,BPL ,BHOPAL  JN     ,'22:20:00','22:30:00',218,INDB,INDORE JN BG   ,JBP ,JABALPUR       
'11471',INDB JBP EXP   ,11,HBJ ,HABIBGANJ      ,'22:40:00','22:42:00',224,INDB,INDORE JN BG   ,JBP ,JABALPUR       
'11471',INDB JBP EXP   ,12,ODG ,OBAIDULLA GANJ ,'23:05:00','23:07:00',254,INDB,INDORE JN BG   ,JBP ,JABALPUR       
'11471',INDB JBP EXP   ,13,HBD ,HOSHANGABAD    ,'23:48:00','23:50:00',292,INDB,INDORE JN BG   ,JBP ,JABALPUR       
'11471',INDB JBP EXP   ,14,ET  ,ITARSI JN      ,'00:50:00','01:10:00',310,INDB,INDORE JN BG   ,JBP ,JABALPUR       
'11471',INDB JBP EXP   ,15,PPI ,PIPARIYA       ,'02:03:00','02:05:00',377,INDB,INDORE JN BG   ,JBP ,JABALPUR       
'11471',INDB JBP EXP   ,16,GAR ,GADARWARA      ,'02:37:00','02:39:00',426,INDB,INDORE JN BG   ,JBP ,JABALPUR       
'11471',INDB JBP EXP   ,17,NU  ,NARSINGHPUR    ,'03:10:00','03:12:00',471,INDB,INDORE JN BG   ,JBP ,JABALPUR       
'11471',INDB JBP EXP   ,18,MML ,MADAN MAHAL    ,'05:12:00','05:14:00',551,INDB,INDORE JN BG   ,JBP ,JABALPUR       
'11471',INDB JBP EXP   ,19,JBP ,JABALPUR       ,'05:40:00','00:00:00',555,INDB,INDORE JN BG   ,JBP ,JABALPUR       
'11472',JBP INDB EXP   ,1,JBP ,JABALPUR       ,'00:00:00','23:00:00',0,JBP ,JABALPUR       ,INDB,INDORE JN BG   
'11472',JBP INDB EXP   ,2,MML ,MADAN MAHAL    ,'23:06:00','23:08:00',4,JBP ,JABALPUR       ,INDB,INDORE JN BG   
'11472',JBP INDB EXP   ,3,NU  ,NARSINGHPUR    ,'00:13:00','00:15:00',85,JBP ,JABALPUR       ,INDB,INDORE JN BG   
'11472',JBP INDB EXP   ,4,GAR ,GADARWARA      ,'00:45:00','00:47:00',129,JBP ,JABALPUR       ,INDB,INDORE JN BG   
'11472',JBP INDB EXP   ,5,PPI ,PIPARIYA       ,'01:23:00','01:25:00',178,JBP ,JABALPUR       ,INDB,INDORE JN BG   
'11472',JBP INDB EXP   ,6,ET  ,ITARSI JN      ,'03:20:00','03:35:00',246,JBP ,JABALPUR       ,INDB,INDORE JN BG   
'11472',JBP INDB EXP   ,7,HBD ,HOSHANGABAD    ,'03:51:00','03:53:00',263,JBP ,JABALPUR       ,INDB,INDORE JN BG   
'11472',JBP INDB EXP   ,8,ODG ,OBAIDULLA GANJ ,'04:38:00','04:40:00',301,JBP ,JABALPUR       ,INDB,INDORE JN BG   
'11472',JBP INDB EXP   ,9,HBJ ,HABIBGANJ      ,'05:05:00','05:07:00',331,JBP ,JABALPUR       ,INDB,INDORE JN BG   
'11472',JBP INDB EXP   ,10,BPL ,BHOPAL  JN     ,'05:40:00','05:50:00',337,JBP ,JABALPUR       ,INDB,INDORE JN BG   
'11472',JBP INDB EXP   ,11,BIH ,BAIRAGARH      ,'06:10:00','06:12:00',347,JBP ,JABALPUR       ,INDB,INDORE JN BG   
'11472',JBP INDB EXP   ,12,SEH ,SEHORE         ,'06:34:00','06:36:00',376,JBP ,JABALPUR       ,INDB,INDORE JN BG   
'11472',JBP INDB EXP   ,13,KPP ,KALAPIPAL      ,'06:57:00','06:59:00',405,JBP ,JABALPUR       ,INDB,INDORE JN BG   
'11472',JBP INDB EXP   ,14,SJP ,SHUJALPUR      ,'07:10:00','07:12:00',418,JBP ,JABALPUR       ,INDB,INDORE JN BG   
'11472',JBP INDB EXP   ,15,AKD ,AKODIA         ,'07:22:00','07:24:00',431,JBP ,JABALPUR       ,INDB,INDORE JN BG   
'11472',JBP INDB EXP   ,16,BCH ,BERCHHA        ,'07:43:00','07:45:00',461,JBP ,JABALPUR       ,INDB,INDORE JN BG   
'11472',JBP INDB EXP   ,17,MKC ,MAKSI          ,'08:38:00','08:40:00',480,JBP ,JABALPUR       ,INDB,INDORE JN BG   
'11472',JBP INDB EXP   ,18,DWX ,DEWAS          ,'09:35:00','09:37:00',516,JBP ,JABALPUR       ,INDB,INDORE JN BG   
'11472',JBP INDB EXP   ,19,INDB,INDORE JN BG   ,'10:45:00','00:00:00',555,JBP ,JABALPUR       ,INDB,INDORE JN BG   
'12062',HBJ JANSHATABDI,1,JBP ,JABALPUR       ,'00:00:00','06:00:00',0,JBP ,JABALPUR       ,HBJ ,HABIBGANJ      
'12062',HBJ JANSHATABDI,2,MML ,MADAN MAHAL    ,'06:06:00','06:08:00',4,JBP ,JABALPUR       ,HBJ ,HABIBGANJ      
'12062',HBJ JANSHATABDI,3,SRID,SHRIDHAM       ,'06:39:00','06:41:00',54,JBP ,JABALPUR       ,HBJ ,HABIBGANJ      
'12062',HBJ JANSHATABDI,4,NU  ,NARSINGHPUR    ,'07:13:00','07:15:00',85,JBP ,JABALPUR       ,HBJ ,HABIBGANJ      
'12062',HBJ JANSHATABDI,5,KY  ,KARELI         ,'07:28:00','07:30:00',100,JBP ,JABALPUR       ,HBJ ,HABIBGANJ      
'12062',HBJ JANSHATABDI,6,GAR ,GADARWARA      ,'07:49:00','07:51:00',129,JBP ,JABALPUR       ,HBJ ,HABIBGANJ      
'12062',HBJ JANSHATABDI,7,PPI ,PIPARIYA       ,'08:23:00','08:25:00',178,JBP ,JABALPUR       ,HBJ ,HABIBGANJ      
'12062',HBJ JANSHATABDI,8,ET  ,ITARSI JN      ,'09:35:00','09:45:00',246,JBP ,JABALPUR       ,HBJ ,HABIBGANJ      
'12062',HBJ JANSHATABDI,9,HBD ,HOSHANGABAD    ,'10:03:00','10:05:00',263,JBP ,JABALPUR       ,HBJ ,HABIBGANJ      
'12062',HBJ JANSHATABDI,10,HBJ ,HABIBGANJ      ,'11:35:00','00:00:00',331,JBP ,JABALPUR       ,HBJ ,HABIBGANJ      
'12183',BPL PBH SUP EXP,1,BPL ,BHOPAL  JN     ,'00:00:00','19:20:00',0,BPL ,BHOPAL  JN     ,PBH ,PARTAPGARH JN  
'12183',BPL PBH SUP EXP,2,BHS ,VIDISHA        ,'19:57:00','19:59:00',54,BPL ,BHOPAL  JN     ,PBH ,PARTAPGARH JN  
'12183',BPL PBH SUP EXP,3,BINA,BINA JN        ,'21:00:00','21:05:00',139,BPL ,BHOPAL  JN     ,PBH ,PARTAPGARH JN  
'12183',BPL PBH SUP EXP,4,LAR ,LALITPUR       ,'21:47:00','21:49:00',202,BPL ,BHOPAL  JN     ,PBH ,PARTAPGARH JN  
'12183',BPL PBH SUP EXP,5,JHS ,JHANSI JN      ,'23:12:00','23:22:00',291,BPL ,BHOPAL  JN     ,PBH ,PARTAPGARH JN  
'12183',BPL PBH SUP EXP,6,ORAI,ORAI           ,'00:48:00','00:50:00',405,BPL ,BHOPAL  JN     ,PBH ,PARTAPGARH JN  
'12183',BPL PBH SUP EXP,7,CNB ,KANPUR CENTRAL ,'04:00:00','04:05:00',511,BPL ,BHOPAL  JN     ,PBH ,PARTAPGARH JN  
'12183',BPL PBH SUP EXP,8,LKO ,LUCKNOW NR     ,'05:25:00','05:45:00',585,BPL ,BHOPAL  JN     ,PBH ,PARTAPGARH JN  
'12183',BPL PBH SUP EXP,9,RBL ,RAE BARELI JN  ,'07:28:00','07:30:00',663,BPL ,BHOPAL  JN     ,PBH ,PARTAPGARH JN  
'12183',BPL PBH SUP EXP,10,AME ,AMETHI         ,'08:18:00','08:20:00',723,BPL ,BHOPAL  JN     ,PBH ,PARTAPGARH JN  
'12183',BPL PBH SUP EXP,11,PBH ,PARTAPGARH JN  ,'09:00:00','00:00:00',758,BPL ,BHOPAL  JN     ,PBH ,PARTAPGARH JN  
'12227',INDORE DURONTO ,1,BCT ,MUMBAI CENTRAL ,'00:00:00','23:15:00',0,BCT ,MUMBAI CENTRAL ,INDB,INDORE JN BG   
'12227',INDORE DURONTO ,2,INDB,INDORE JN BG   ,'11:20:00','00:00:00',829,BCT ,MUMBAI CENTRAL ,INDB,INDORE JN BG   
'12433',RAJDHANI EXP   ,1,MAS ,CHENNAI CENTRAL,'00:00:00','06:10:00',0,MAS ,CHENNAI CENTRAL,NZM ,H NIZAMUDDIN   
'12433',RAJDHANI EXP   ,2,BZA ,VIJAYAWADA JN  ,'11:50:00','12:00:00',431,MAS ,CHENNAI CENTRAL,NZM ,H NIZAMUDDIN   
'12433',RAJDHANI EXP   ,3,WL  ,WARANGAL       ,'14:39:00','14:40:00',639,MAS ,CHENNAI CENTRAL,NZM ,H NIZAMUDDIN   
'12433',RAJDHANI EXP   ,4,NGP ,NAGPUR         ,'20:35:00','20:45:00',1093,MAS ,CHENNAI CENTRAL,NZM ,H NIZAMUDDIN   
'12433',RAJDHANI EXP   ,5,BPL ,BHOPAL  JN     ,'02:00:00','02:10:00',1481,MAS ,CHENNAI CENTRAL,NZM ,H NIZAMUDDIN   
'12433',RAJDHANI EXP   ,6,JHS ,JHANSI JN      ,'05:26:00','05:31:00',1772,MAS ,CHENNAI CENTRAL,NZM ,H NIZAMUDDIN   
'12433',RAJDHANI EXP   ,7,GWL ,GWALIOR        ,'06:30:00','06:32:00',1869,MAS ,CHENNAI CENTRAL,NZM ,H NIZAMUDDIN   
'12433',RAJDHANI EXP   ,8,AGC ,AGRA CANTT     ,'07:55:00','07:57:00',1988,MAS ,CHENNAI CENTRAL,NZM ,H NIZAMUDDIN   
'12433',RAJDHANI EXP   ,9,TKD ,TUGLAKABAD     ,'09:43:00','09:45:00',2164,MAS ,CHENNAI CENTRAL,NZM ,H NIZAMUDDIN   
'12433',RAJDHANI EXP   ,10,NZM ,H NIZAMUDDIN   ,'10:25:00','00:00:00',2175,MAS ,CHENNAI CENTRAL,NZM ,H NIZAMUDDIN   
'12973',JAIPUR EXPRESS ,1,INDB,INDORE JN BG   ,'00:00:00','22:25:00',0,INDB,INDORE JN BG   ,JP  ,JAIPUR         
'12973',JAIPUR EXPRESS ,2,DWX ,DEWAS          ,'23:01:00','23:03:00',39,INDB,INDORE JN BG   ,JP  ,JAIPUR         
'12973',JAIPUR EXPRESS ,3,UJN ,UJJAIN JN      ,'23:55:00','00:05:00',80,INDB,INDORE JN BG   ,JP  ,JAIPUR         
'12973',JAIPUR EXPRESS ,4,NAD ,NAGDA JN       ,'01:05:00','01:30:00',135,INDB,INDORE JN BG   ,JP  ,JAIPUR         
'12973',JAIPUR EXPRESS ,5,KOTA,KOTA JN        ,'04:05:00','04:15:00',360,INDB,INDORE JN BG   ,JP  ,JAIPUR         
'12973',JAIPUR EXPRESS ,6,SWM ,SAWAI MADHOPUR ,'05:55:00','06:10:00',467,INDB,INDORE JN BG   ,JP  ,JAIPUR         
'12973',JAIPUR EXPRESS ,7,DPA ,DURGAPURA      ,'07:55:00','07:57:00',591,INDB,INDORE JN BG   ,JP  ,JAIPUR         
'12973',JAIPUR EXPRESS ,8,JP  ,JAIPUR         ,'08:20:00','00:00:00',599,INDB,INDORE JN BG   ,JP  ,JAIPUR         
'15159',SARNATH EXPRESS,1,CPR ,CHHAPRA        ,'00:00:00','07:20:00',0,CPR ,CHHAPRA        ,DURG,DURG           
'15159',SARNATH EXPRESS,2,SIP ,SURAIMANPUR    ,'07:45:00','07:47:00',29,CPR ,CHHAPRA        ,DURG,DURG           
'15159',SARNATH EXPRESS,3,STW ,SAHATWAR       ,'08:06:00','08:08:00',48,CPR ,CHHAPRA        ,DURG,DURG           
'15159',SARNATH EXPRESS,4,BUI ,BALLIA         ,'08:30:00','08:35:00',66,CPR ,CHHAPRA        ,DURG,DURG           
'15159',SARNATH EXPRESS,5,PEP ,PHEPHNA JN     ,'08:50:00','08:52:00',76,CPR ,CHHAPRA        ,DURG,DURG           
'15159',SARNATH EXPRESS,6,CBN ,CHIT BARAGAON  ,'08:59:00','09:01:00',82,CPR ,CHHAPRA        ,DURG,DURG           
'15159',SARNATH EXPRESS,7,KMDR,KARIMUDDIN PUR ,'09:19:00','09:21:00',97,CPR ,CHHAPRA        ,DURG,DURG           
'15159',SARNATH EXPRESS,8,YFP ,YUSUFPUR       ,'09:36:00','09:38:00',111,CPR ,CHHAPRA        ,DURG,DURG           
'15159',SARNATH EXPRESS,9,GCT ,GHAZIPUR CITY  ,'10:01:00','10:06:00',131,CPR ,CHHAPRA        ,DURG,DURG           
'15159',SARNATH EXPRESS,10,NDJ ,NANDGANJ       ,'10:22:00','10:24:00',149,CPR ,CHHAPRA        ,DURG,DURG           
'15159',SARNATH EXPRESS,11,ARJ ,AUNRIHAR JN    ,'10:55:00','10:57:00',171,CPR ,CHHAPRA        ,DURG,DURG           
'15159',SARNATH EXPRESS,12,SRNT,SARNATH        ,'11:33:00','11:35:00',195,CPR ,CHHAPRA        ,DURG,DURG           
'15159',SARNATH EXPRESS,13,BCY ,VARANASI CITY  ,'11:45:00','11:47:00',202,CPR ,CHHAPRA        ,DURG,DURG           
'15159',SARNATH EXPRESS,14,BSB ,VARANASI JN    ,'12:15:00','12:25:00',206,CPR ,CHHAPRA        ,DURG,DURG           
'15159',SARNATH EXPRESS,15,BOY ,BHADOHI        ,'13:01:00','13:03:00',251,CPR ,CHHAPRA        ,DURG,DURG           
'15159',SARNATH EXPRESS,16,JNH ,JANGHAI JN     ,'13:34:00','13:36:00',281,CPR ,CHHAPRA        ,DURG,DURG           
'15159',SARNATH EXPRESS,17,PLP ,PHULPUR        ,'14:02:00','14:04:00',304,CPR ,CHHAPRA        ,DURG,DURG           
'15159',SARNATH EXPRESS,18,ALD ,ALLAHABAD JN   ,'15:15:00','15:40:00',341,CPR ,CHHAPRA        ,DURG,DURG           
'15159',SARNATH EXPRESS,19,NYN ,NAINI          ,'15:58:00','16:00:00',348,CPR ,CHHAPRA        ,DURG,DURG           
'15159',SARNATH EXPRESS,20,SRJ ,SHANKARGARH    ,'16:26:00','16:28:00',386,CPR ,CHHAPRA        ,DURG,DURG           
'15159',SARNATH EXPRESS,21,DBR ,DABHAURA       ,'16:53:00','16:55:00',418,CPR ,CHHAPRA        ,DURG,DURG           
'15159',SARNATH EXPRESS,22,MKP ,MANIKPUR JN    ,'17:40:00','17:45:00',441,CPR ,CHHAPRA        ,DURG,DURG           
'15159',SARNATH EXPRESS,23,MJG ,MAJHAGAWAN     ,'18:12:00','18:14:00',478,CPR ,CHHAPRA        ,DURG,DURG           
'15159',SARNATH EXPRESS,24,JTW ,JAITWAR        ,'18:32:00','18:34:00',499,CPR ,CHHAPRA        ,DURG,DURG           
'15159',SARNATH EXPRESS,25,STA ,SATNA          ,'19:00:00','19:10:00',519,CPR ,CHHAPRA        ,DURG,DURG           
'15159',SARNATH EXPRESS,26,UHR ,UNCHHERA       ,'19:24:00','19:26:00',540,CPR ,CHHAPRA        ,DURG,DURG           
'15159',SARNATH EXPRESS,27,MYR ,MAIHAR         ,'19:38:00','19:40:00',554,CPR ,CHHAPRA        ,DURG,DURG           
'15159',SARNATH EXPRESS,28,KTE ,KATNI          ,'20:50:00','21:05:00',617,CPR ,CHHAPRA        ,DURG,DURG           
'15159',SARNATH EXPRESS,29,CHD ,CHANDIA ROAD   ,'21:54:00','21:56:00',658,CPR ,CHHAPRA        ,DURG,DURG           
'15159',SARNATH EXPRESS,30,UMR ,UMARIA         ,'22:14:00','22:16:00',677,CPR ,CHHAPRA        ,DURG,DURG           
'15159',SARNATH EXPRESS,31,BRS ,BIRSINGHPUR    ,'22:38:00','22:40:00',706,CPR ,CHHAPRA        ,DURG,DURG           
'15159',SARNATH EXPRESS,32,SDL ,SHAHDOL        ,'23:28:00','23:33:00',744,CPR ,CHHAPRA        ,DURG,DURG           
'15159',SARNATH EXPRESS,33,BUH ,BURHAR         ,'23:49:00','23:51:00',763,CPR ,CHHAPRA        ,DURG,DURG           
'15159',SARNATH EXPRESS,34,AAL ,AMLAI          ,'00:03:00','00:05:00',772,CPR ,CHHAPRA        ,DURG,DURG           
'15159',SARNATH EXPRESS,35,APR ,ANUPPUR JN     ,'00:20:00','00:25:00',785,CPR ,CHHAPRA        ,DURG,DURG           
'15159',SARNATH EXPRESS,36,PND ,PENDRA ROAD    ,'01:15:00','01:17:00',835,CPR ,CHHAPRA        ,DURG,DURG           
'15159',SARNATH EXPRESS,37,BIG ,BELGAHNA       ,'02:12:00','02:14:00',888,CPR ,CHHAPRA        ,DURG,DURG           
'15159',SARNATH EXPRESS,38,KGB ,KARGI ROAD     ,'02:40:00','02:42:00',904,CPR ,CHHAPRA        ,DURG,DURG           
'15159',SARNATH EXPRESS,39,USL ,USALAPUR       ,'03:26:00','03:28:00',927,CPR ,CHHAPRA        ,DURG,DURG           
'15159',SARNATH EXPRESS,40,BSP ,BILASPUR JN    ,'04:05:00','04:25:00',936,CPR ,CHHAPRA        ,DURG,DURG           
'15159',SARNATH EXPRESS,41,BYL ,BELHA          ,'04:43:00','04:45:00',951,CPR ,CHHAPRA        ,DURG,DURG           
'15159',SARNATH EXPRESS,42,BYT ,BHATAPARA      ,'05:08:00','05:10:00',982,CPR ,CHHAPRA        ,DURG,DURG           
'15159',SARNATH EXPRESS,43,TLD ,TILDA          ,'05:28:00','05:30:00',1008,CPR ,CHHAPRA        ,DURG,DURG           
'15159',SARNATH EXPRESS,44,R   ,RAIPUR JN      ,'06:10:00','06:20:00',1046,CPR ,CHHAPRA        ,DURG,DURG           
'15159',SARNATH EXPRESS,45,BPHB,BHILAI PWR HS  ,'06:48:00','06:50:00',1073,CPR ,CHHAPRA        ,DURG,DURG           
'15159',SARNATH EXPRESS,46,DURG,DURG           ,'07:30:00','00:00:00',1083,CPR ,CHHAPRA        ,DURG,DURG           
'17019',AII HYB EXP    ,1,AII ,AJMER JN       ,'00:00:00','17:40:00',0,AII ,AJMER JN       ,HYB ,HYDERABAD DECAN
'17019',AII HYB EXP    ,2,BJNR,BIJAINAGAR     ,'18:38:00','18:40:00',66,AII ,AJMER JN       ,HYB ,HYDERABAD DECAN
'17019',AII HYB EXP    ,3,BHL ,BHILWARA       ,'19:30:00','19:35:00',132,AII ,AJMER JN       ,HYB ,HYDERABAD DECAN
'17019',AII HYB EXP    ,4,COR ,CHITTAURGARH   ,'20:55:00','21:05:00',186,AII ,AJMER JN       ,HYB ,HYDERABAD DECAN
'17019',AII HYB EXP    ,5,NMH ,NIMACH         ,'21:53:00','22:02:00',242,AII ,AJMER JN       ,HYB ,HYDERABAD DECAN
'17019',AII HYB EXP    ,6,MDS ,MANDASOR       ,'22:41:00','22:43:00',291,AII ,AJMER JN       ,HYB ,HYDERABAD DECAN
'17019',AII HYB EXP    ,7,RTM ,RATLAM JN      ,'00:25:00','00:50:00',375,AII ,AJMER JN       ,HYB ,HYDERABAD DECAN
'17019',AII HYB EXP    ,8,NAD ,NAGDA JN       ,'01:30:00','01:32:00',416,AII ,AJMER JN       ,HYB ,HYDERABAD DECAN
'17019',AII HYB EXP    ,9,UJN ,UJJAIN JN      ,'02:30:00','02:40:00',471,AII ,AJMER JN       ,HYB ,HYDERABAD DECAN
'17019',AII HYB EXP    ,10,BPL ,BHOPAL  JN     ,'06:15:00','06:20:00',655,AII ,AJMER JN       ,HYB ,HYDERABAD DECAN
'17019',AII HYB EXP    ,11,ET  ,ITARSI JN      ,'08:10:00','08:20:00',747,AII ,AJMER JN       ,HYB ,HYDERABAD DECAN
'17019',AII HYB EXP    ,12,HD  ,HARDA          ,'09:30:00','09:32:00',822,AII ,AJMER JN       ,HYB ,HYDERABAD DECAN
'17019',AII HYB EXP    ,13,KNW ,KHANDWA        ,'11:40:00','11:45:00',930,AII ,AJMER JN       ,HYB ,HYDERABAD DECAN
'17019',AII HYB EXP    ,14,BAU ,BURHANPUR      ,'12:33:00','12:35:00',999,AII ,AJMER JN       ,HYB ,HYDERABAD DECAN
'17019',AII HYB EXP    ,15,BSL ,BHUSAVAL JN    ,'13:25:00','13:35:00',1053,AII ,AJMER JN       ,HYB ,HYDERABAD DECAN
'17019',AII HYB EXP    ,16,JL  ,JALGAON JN     ,'13:58:00','14:00:00',1078,AII ,AJMER JN       ,HYB ,HYDERABAD DECAN
'17019',AII HYB EXP    ,17,MMR ,MANMAD JN      ,'16:20:00','16:25:00',1237,AII ,AJMER JN       ,HYB ,HYDERABAD DECAN
'17019',AII HYB EXP    ,18,ANKX,ANK MMR DIRECT ,'16:30:00','16:31:00',1244,AII ,AJMER JN       ,HYB ,HYDERABAD DECAN
'17019',AII HYB EXP    ,19,NSL ,NAGARSOL       ,'16:59:00','17:00:00',1262,AII ,AJMER JN       ,HYB ,HYDERABAD DECAN
'17019',AII HYB EXP    ,20,AWB ,AURANGABAD     ,'18:45:00','18:50:00',1351,AII ,AJMER JN       ,HYB ,HYDERABAD DECAN
'17019',AII HYB EXP    ,21,J   ,JALNA          ,'19:58:00','20:00:00',1413,AII ,AJMER JN       ,HYB ,HYDERABAD DECAN
'17019',AII HYB EXP    ,22,PBN ,PARBHANI JN    ,'22:58:00','23:00:00',1528,AII ,AJMER JN       ,HYB ,HYDERABAD DECAN
'17019',AII HYB EXP    ,23,NED ,H SAHIB NANDED ,'00:25:00','00:30:00',1587,AII ,AJMER JN       ,HYB ,HYDERABAD DECAN
'17019',AII HYB EXP    ,24,BSX ,BASAR          ,'02:30:00','02:31:00',1668,AII ,AJMER JN       ,HYB ,HYDERABAD DECAN
'17019',AII HYB EXP    ,25,NZB ,NIZAMABAD      ,'03:15:00','03:20:00',1698,AII ,AJMER JN       ,HYB ,HYDERABAD DECAN
'17019',AII HYB EXP    ,26,KMC ,KAMAREDDI      ,'04:05:00','04:06:00',1750,AII ,AJMER JN       ,HYB ,HYDERABAD DECAN
'17019',AII HYB EXP    ,27,MED ,MEDCHAL        ,'05:55:00','05:56:00',1830,AII ,AJMER JN       ,HYB ,HYDERABAD DECAN
'17019',AII HYB EXP    ,28,MJF ,MALKAJGIRI     ,'06:49:00','06:51:00',1854,AII ,AJMER JN       ,HYB ,HYDERABAD DECAN
'17019',AII HYB EXP    ,29,SC  ,SECUNDERABAD JN,'07:30:00','07:35:00',1858,AII ,AJMER JN       ,HYB ,HYDERABAD DECAN
'17019',AII HYB EXP    ,30,HYB ,HYDERABAD DECAN,'08:10:00','00:00:00',1868,AII ,AJMER JN       ,HYB ,HYDERABAD DECAN
'18233',NARMADA EXPRESS,1,INDB,INDORE JN BG   ,'00:00:00','17:15:00',0,INDB,INDORE JN BG   ,BSP ,BILASPUR JN    
'18233',NARMADA EXPRESS,2,MGG ,MANGLIYA GAON  ,'17:31:00','17:33:00',15,INDB,INDORE JN BG   ,BSP ,BILASPUR JN    
'18233',NARMADA EXPRESS,3,BLAX,BARLAI         ,'17:41:00','17:43:00',26,INDB,INDORE JN BG   ,BSP ,BILASPUR JN    
'18233',NARMADA EXPRESS,4,DWX ,DEWAS          ,'18:03:00','18:05:00',39,INDB,INDORE JN BG   ,BSP ,BILASPUR JN    
'18233',NARMADA EXPRESS,5,NRGR,NARANJIPUR     ,'18:19:00','18:21:00',49,INDB,INDORE JN BG   ,BSP ,BILASPUR JN    
'18233',NARMADA EXPRESS,6,UDM ,UNDASA MADHAWPU,'18:32:00','18:34:00',55,INDB,INDORE JN BG   ,BSP ,BILASPUR JN    
'18233',NARMADA EXPRESS,7,KDHA,KARCHHA        ,'18:41:00','18:43:00',62,INDB,INDORE JN BG   ,BSP ,BILASPUR JN    
'18233',NARMADA EXPRESS,8,VRG ,VIKRAMNAGAR    ,'18:58:00','19:00:00',74,INDB,INDORE JN BG   ,BSP ,BILASPUR JN    
'18233',NARMADA EXPRESS,9,UJN ,UJJAIN JN      ,'19:10:00','19:40:00',80,INDB,INDORE JN BG   ,BSP ,BILASPUR JN    
'18233',NARMADA EXPRESS,10,TAN ,TARANA ROAD    ,'20:06:00','20:07:00',111,INDB,INDORE JN BG   ,BSP ,BILASPUR JN    
'18233',NARMADA EXPRESS,11,MKC ,MAKSI          ,'20:18:00','20:20:00',121,INDB,INDORE JN BG   ,BSP ,BILASPUR JN    
'18233',NARMADA EXPRESS,12,BCH ,BERCHHA        ,'20:34:00','20:36:00',140,INDB,INDORE JN BG   ,BSP ,BILASPUR JN    
'18233',NARMADA EXPRESS,13,KSH ,KALI SINDH     ,'20:47:00','20:49:00',152,INDB,INDORE JN BG   ,BSP ,BILASPUR JN    
'18233',NARMADA EXPRESS,14,AKD ,AKODIA         ,'21:05:00','21:07:00',170,INDB,INDORE JN BG   ,BSP ,BILASPUR JN    
'18233',NARMADA EXPRESS,15,SJP ,SHUJALPUR      ,'21:18:00','21:20:00',183,INDB,INDORE JN BG   ,BSP ,BILASPUR JN    
'18233',NARMADA EXPRESS,16,KPP ,KALAPIPAL      ,'21:31:00','21:33:00',195,INDB,INDORE JN BG   ,BSP ,BILASPUR JN    
'18233',NARMADA EXPRESS,17,SEH ,SEHORE         ,'22:10:00','22:12:00',224,INDB,INDORE JN BG   ,BSP ,BILASPUR JN    
'18233',NARMADA EXPRESS,18,BIH ,BAIRAGARH      ,'22:58:00','23:00:00',253,INDB,INDORE JN BG   ,BSP ,BILASPUR JN    
'18233',NARMADA EXPRESS,19,BPL ,BHOPAL  JN     ,'23:15:00','23:25:00',263,INDB,INDORE JN BG   ,BSP ,BILASPUR JN    
'18233',NARMADA EXPRESS,20,HBJ ,HABIBGANJ      ,'23:35:00','23:37:00',269,INDB,INDORE JN BG   ,BSP ,BILASPUR JN    
'18233',NARMADA EXPRESS,21,MDDP,MANDI DIP      ,'23:52:00','23:54:00',286,INDB,INDORE JN BG   ,BSP ,BILASPUR JN    
'18233',NARMADA EXPRESS,22,ODG ,OBAIDULLA GANJ ,'00:53:00','00:55:00',299,INDB,INDORE JN BG   ,BSP ,BILASPUR JN    
'18233',NARMADA EXPRESS,23,HBD ,HOSHANGABAD    ,'01:34:00','01:36:00',337,INDB,INDORE JN BG   ,BSP ,BILASPUR JN    
'18233',NARMADA EXPRESS,24,ET  ,ITARSI JN      ,'02:15:00','02:25:00',355,INDB,INDORE JN BG   ,BSP ,BILASPUR JN    
'18233',NARMADA EXPRESS,25,BGTA,BAGRA TAWA     ,'02:52:00','02:54:00',381,INDB,INDORE JN BG   ,BSP ,BILASPUR JN    
'18233',NARMADA EXPRESS,26,SGP ,SOHAGPUR       ,'03:12:00','03:14:00',404,INDB,INDORE JN BG   ,BSP ,BILASPUR JN    
'18233',NARMADA EXPRESS,27,PPI ,PIPARIYA       ,'03:28:00','03:30:00',422,INDB,INDORE JN BG   ,BSP ,BILASPUR JN    
'18233',NARMADA EXPRESS,28,SCKR,SALICHAUKA ROAD,'03:56:00','03:58:00',458,INDB,INDORE JN BG   ,BSP ,BILASPUR JN    
'18233',NARMADA EXPRESS,29,GAR ,GADARWARA      ,'04:07:00','04:09:00',472,INDB,INDORE JN BG   ,BSP ,BILASPUR JN    
'18233',NARMADA EXPRESS,30,KY  ,KARELI         ,'04:30:00','04:32:00',500,INDB,INDORE JN BG   ,BSP ,BILASPUR JN    
'18233',NARMADA EXPRESS,31,NU  ,NARSINGHPUR    ,'04:47:00','04:49:00',516,INDB,INDORE JN BG   ,BSP ,BILASPUR JN    
'18233',NARMADA EXPRESS,32,SRID,SHRIDHAM       ,'05:14:00','05:16:00',547,INDB,INDORE JN BG   ,BSP ,BILASPUR JN    
'18233',NARMADA EXPRESS,33,MML ,MADAN MAHAL    ,'06:03:00','06:05:00',597,INDB,INDORE JN BG   ,BSP ,BILASPUR JN    
'18233',NARMADA EXPRESS,34,JBP ,JABALPUR       ,'06:25:00','06:35:00',600,INDB,INDORE JN BG   ,BSP ,BILASPUR JN    
'18233',NARMADA EXPRESS,35,ADTL,ADHARTAL       ,'06:38:00','06:40:00',608,INDB,INDORE JN BG   ,BSP ,BILASPUR JN    
'18233',NARMADA EXPRESS,36,DOE ,DEORI          ,'07:01:00','07:03:00',617,INDB,INDORE JN BG   ,BSP ,BILASPUR JN    
'18233',NARMADA EXPRESS,37,GSPR,GOSALPUR       ,'07:12:00','07:14:00',627,INDB,INDORE JN BG   ,BSP ,BILASPUR JN    
'18233',NARMADA EXPRESS,38,SHR ,SIHORA ROAD    ,'07:25:00','07:27:00',638,INDB,INDORE JN BG   ,BSP ,BILASPUR JN    
'18233',NARMADA EXPRESS,39,DDCE,DUNDI          ,'07:38:00','07:40:00',653,INDB,INDORE JN BG   ,BSP ,BILASPUR JN    
'18233',NARMADA EXPRESS,40,SBD ,SLEEMANABAD RD ,'07:48:00','07:50:00',663,INDB,INDORE JN BG   ,BSP ,BILASPUR JN    
'18233',NARMADA EXPRESS,41,SNRR,SANSARPUR      ,'07:58:00','08:00:00',670,INDB,INDORE JN BG   ,BSP ,BILASPUR JN    
'18233',NARMADA EXPRESS,42,NWR ,NIWAR          ,'08:08:00','08:10:00',677,INDB,INDORE JN BG   ,BSP ,BILASPUR JN    
'18233',NARMADA EXPRESS,43,KTES,KATNI SOUTH    ,'09:15:00','09:20:00',689,INDB,INDORE JN BG   ,BSP ,BILASPUR JN    
'18233',NARMADA EXPRESS,44,KTE ,KATNI          ,'09:30:00','09:32:00',691,INDB,INDORE JN BG   ,BSP ,BILASPUR JN    
'18233',NARMADA EXPRESS,45,JLW ,JHALWARA       ,'09:49:00','09:51:00',703,INDB,INDORE JN BG   ,BSP ,BILASPUR JN    
'18233',NARMADA EXPRESS,46,RPD ,RUPAUND        ,'10:01:00','10:03:00',715,INDB,INDORE JN BG   ,BSP ,BILASPUR JN    
'18233',NARMADA EXPRESS,47,CHD ,CHANDIA ROAD   ,'10:17:00','10:19:00',732,INDB,INDORE JN BG   ,BSP ,BILASPUR JN    
'18233',NARMADA EXPRESS,48,UMR ,UMARIA         ,'10:40:00','10:42:00',751,INDB,INDORE JN BG   ,BSP ,BILASPUR JN    
'18233',NARMADA EXPRESS,49,KKI ,KARKELI        ,'10:50:00','10:52:00',763,INDB,INDORE JN BG   ,BSP ,BILASPUR JN    
'18233',NARMADA EXPRESS,50,NRZB,NOWROZABAD     ,'11:02:00','11:04:00',773,INDB,INDORE JN BG   ,BSP ,BILASPUR JN    
'18233',NARMADA EXPRESS,51,BRS ,BIRSINGHPUR    ,'11:11:00','11:13:00',781,INDB,INDORE JN BG   ,BSP ,BILASPUR JN    
'18233',NARMADA EXPRESS,52,SDL ,SHAHDOL        ,'12:00:00','12:10:00',818,INDB,INDORE JN BG   ,BSP ,BILASPUR JN    
'18233',NARMADA EXPRESS,53,BUH ,BURHAR         ,'12:25:00','12:27:00',837,INDB,INDORE JN BG   ,BSP ,BILASPUR JN    
'18233',NARMADA EXPRESS,54,AAL ,AMLAI          ,'12:35:00','12:37:00',846,INDB,INDORE JN BG   ,BSP ,BILASPUR JN    
'18233',NARMADA EXPRESS,55,APR ,ANUPPUR JN     ,'12:55:00','13:00:00',859,INDB,INDORE JN BG   ,BSP ,BILASPUR JN    
'18233',NARMADA EXPRESS,56,CLF ,CHHULHA        ,'13:08:00','13:10:00',864,INDB,INDORE JN BG   ,BSP ,BILASPUR JN    
'18233',NARMADA EXPRESS,57,JTI ,JAITHARI       ,'13:17:00','13:19:00',872,INDB,INDORE JN BG   ,BSP ,BILASPUR JN    
'18233',NARMADA EXPRESS,58,NIQ ,NIGAURA        ,'13:27:00','13:29:00',883,INDB,INDORE JN BG   ,BSP ,BILASPUR JN    
'18233',NARMADA EXPRESS,59,VKR ,VENKATNAGRA    ,'13:36:00','13:38:00',890,INDB,INDORE JN BG   ,BSP ,BILASPUR JN    
'18233',NARMADA EXPRESS,60,HRB ,HARRI          ,'13:46:00','13:48:00',901,INDB,INDORE JN BG   ,BSP ,BILASPUR JN    
'18233',NARMADA EXPRESS,61,PND ,PENDRA ROAD    ,'14:10:00','14:12:00',909,INDB,INDORE JN BG   ,BSP ,BILASPUR JN    
'18233',NARMADA EXPRESS,62,KOI ,KHODRI         ,'14:21:00','14:23:00',920,INDB,INDORE JN BG   ,BSP ,BILASPUR JN    
'18233',NARMADA EXPRESS,63,BHTK,BHANWAR TONK   ,'14:41:00','14:42:00',931,INDB,INDORE JN BG   ,BSP ,BILASPUR JN    
'18233',NARMADA EXPRESS,64,KGS ,KHONGSARA      ,'15:00:00','15:02:00',944,INDB,INDORE JN BG   ,BSP ,BILASPUR JN    
'18233',NARMADA EXPRESS,65,TGQ ,TENGANMADA     ,'15:10:00','15:12:00',952,INDB,INDORE JN BG   ,BSP ,BILASPUR JN    
'18233',NARMADA EXPRESS,66,BIG ,BELGAHNA       ,'15:20:00','15:22:00',962,INDB,INDORE JN BG   ,BSP ,BILASPUR JN    
'18233',NARMADA EXPRESS,67,SLKR,SALKAROAD      ,'15:29:00','15:31:00',970,INDB,INDORE JN BG   ,BSP ,BILASPUR JN    
'18233',NARMADA EXPRESS,68,KGB ,KARGI ROAD     ,'15:38:00','15:40:00',978,INDB,INDORE JN BG   ,BSP ,BILASPUR JN    
'18233',NARMADA EXPRESS,69,KLTR,KALMITAR       ,'15:48:00','15:50:00',986,INDB,INDORE JN BG   ,BSP ,BILASPUR JN    
'18233',NARMADA EXPRESS,70,GTK ,GHUTKU         ,'16:14:00','16:16:00',994,INDB,INDORE JN BG   ,BSP ,BILASPUR JN    
'18233',NARMADA EXPRESS,71,USL ,USALAPUR       ,'16:38:00','16:40:00',1001,INDB,INDORE JN BG   ,BSP ,BILASPUR JN    
'18233',NARMADA EXPRESS,72,BSP ,BILASPUR JN    ,'17:15:00','00:00:00',1010,INDB,INDORE JN BG   ,BSP ,BILASPUR JN    
'19713',JP SC EXP      ,1,JP  ,JAIPUR         ,'00:00:00','21:05:00',0,JP  ,JAIPUR         ,SC  ,SECUNDERABAD JN
'19713',JP SC EXP      ,2,DPA ,DURGAPURA      ,'21:12:00','21:14:00',8,JP  ,JAIPUR         ,SC  ,SECUNDERABAD JN
'19713',JP SC EXP      ,3,BNLW,BANSTHALI NIWAI,'21:56:00','21:58:00',66,JP  ,JAIPUR         ,SC  ,SECUNDERABAD JN
'19713',JP SC EXP      ,4,SWM ,SAWAI MADHOPUR ,'23:05:00','23:15:00',132,JP  ,JAIPUR         ,SC  ,SECUNDERABAD JN
'19713',JP SC EXP      ,5,KOTA,KOTA JN        ,'00:25:00','00:35:00',240,JP  ,JAIPUR         ,SC  ,SECUNDERABAD JN
'19713',JP SC EXP      ,6,RMA ,RAMGANJ MANDI  ,'01:38:00','01:40:00',312,JP  ,JAIPUR         ,SC  ,SECUNDERABAD JN
'19713',JP SC EXP      ,7,NAD ,NAGDA JN       ,'03:55:00','04:20:00',465,JP  ,JAIPUR         ,SC  ,SECUNDERABAD JN
'19713',JP SC EXP      ,8,UJN ,UJJAIN JN      ,'05:20:00','05:30:00',519,JP  ,JAIPUR         ,SC  ,SECUNDERABAD JN
'19713',JP SC EXP      ,9,BCH ,BERCHHA        ,'06:15:00','06:17:00',580,JP  ,JAIPUR         ,SC  ,SECUNDERABAD JN
'19713',JP SC EXP      ,10,SJP ,SHUJALPUR      ,'06:52:00','06:54:00',623,JP  ,JAIPUR         ,SC  ,SECUNDERABAD JN
'19713',JP SC EXP      ,11,SEH ,SEHORE         ,'07:28:00','07:30:00',664,JP  ,JAIPUR         ,SC  ,SECUNDERABAD JN
'19713',JP SC EXP      ,12,BPL ,BHOPAL  JN     ,'09:30:00','09:35:00',703,JP  ,JAIPUR         ,SC  ,SECUNDERABAD JN
'19713',JP SC EXP      ,13,HBJ ,HABIBGANJ      ,'09:45:00','09:47:00',709,JP  ,JAIPUR         ,SC  ,SECUNDERABAD JN
'19713',JP SC EXP      ,14,ET  ,ITARSI JN      ,'12:00:00','12:10:00',795,JP  ,JAIPUR         ,SC  ,SECUNDERABAD JN
'19713',JP SC EXP      ,15,BZU ,BETUL          ,'13:53:00','13:55:00',901,JP  ,JAIPUR         ,SC  ,SECUNDERABAD JN
'19713',JP SC EXP      ,16,AMLA,AMLA JN        ,'14:24:00','14:26:00',924,JP  ,JAIPUR         ,SC  ,SECUNDERABAD JN
'19713',JP SC EXP      ,17,NRKR,NARKHER        ,'15:48:00','15:50:00',1006,JP  ,JAIPUR         ,SC  ,SECUNDERABAD JN
'19713',JP SC EXP      ,18,CNDB,CHANDUR BAZAR  ,'17:35:00','17:37:00',1101,JP  ,JAIPUR         ,SC  ,SECUNDERABAD JN
'19713',JP SC EXP      ,19,NAVI,NEW AMRAVATI   ,'18:12:00','18:15:00',1138,JP  ,JAIPUR         ,SC  ,SECUNDERABAD JN
'19713',JP SC EXP      ,20,BD  ,BADNERA JN     ,'18:32:00','18:35:00',1144,JP  ,JAIPUR         ,SC  ,SECUNDERABAD JN
'19713',JP SC EXP      ,21,MZR ,MURTAJAPUR     ,'19:08:00','19:10:00',1185,JP  ,JAIPUR         ,SC  ,SECUNDERABAD JN
'19713',JP SC EXP      ,22,AK  ,AKOLA JN       ,'19:45:00','20:10:00',1223,JP  ,JAIPUR         ,SC  ,SECUNDERABAD JN
'19713',JP SC EXP      ,23,WHM ,WASHIM         ,'21:14:00','21:15:00',1302,JP  ,JAIPUR         ,SC  ,SECUNDERABAD JN
'19713',JP SC EXP      ,24,HNL ,HINGOLI DECCAN ,'21:59:00','22:00:00',1349,JP  ,JAIPUR         ,SC  ,SECUNDERABAD JN
'19713',JP SC EXP      ,25,PAU ,PURNA JN       ,'23:30:00','23:40:00',1430,JP  ,JAIPUR         ,SC  ,SECUNDERABAD JN
'19713',JP SC EXP      ,26,NED ,H SAHIB NANDED ,'00:25:00','00:30:00',1460,JP  ,JAIPUR         ,SC  ,SECUNDERABAD JN
'19713',JP SC EXP      ,27,MUE ,MUDKHED        ,'01:23:00','01:25:00',1483,JP  ,JAIPUR         ,SC  ,SECUNDERABAD JN
'19713',JP SC EXP      ,28,BSX ,BASAR          ,'02:30:00','02:31:00',1542,JP  ,JAIPUR         ,SC  ,SECUNDERABAD JN
'19713',JP SC EXP      ,29,NZB ,NIZAMABAD      ,'03:15:00','03:20:00',1571,JP  ,JAIPUR         ,SC  ,SECUNDERABAD JN
'19713',JP SC EXP      ,30,KMC ,KAMAREDDI      ,'04:05:00','04:06:00',1623,JP  ,JAIPUR         ,SC  ,SECUNDERABAD JN
'19713',JP SC EXP      ,31,MED ,MEDCHAL        ,'05:55:00','05:56:00',1704,JP  ,JAIPUR         ,SC  ,SECUNDERABAD JN
'19713',JP SC EXP      ,32,MJF ,MALKAJGIRI     ,'06:49:00','06:51:00',1728,JP  ,JAIPUR         ,SC  ,SECUNDERABAD JN
'19713',JP SC EXP      ,33,SC  ,SECUNDERABAD JN,'07:30:00','00:00:00',1731,JP  ,JAIPUR         ,SC  ,SECUNDERABAD JN
